"id","name","sequence","description","invoice_label","type_tax_use","tax_scope","amount_type","price_include_override","amount","tax_group_id","children_tax_ids","repartition_line_ids/factor_percent","repartition_line_ids/repartition_type","repartition_line_ids/document_type","repartition_line_ids/account_id","repartition_line_ids/tag_ids","repartition_line_ids/use_in_tax_closing","active","include_base_amount","is_base_affected","fiscal_position_ids","original_tax_ids"
"l10n_jp_tax_sale_10","10%","1","General Taxpayer: Standard Rate","10%","sale","","percent","","10","","","","base","invoice","","+S2_3_1B","","1","False","False","l10n_jp_domestic_fiscal_position",""
"","","","","","","","","","","","","100","tax","invoice","l10n_jp_330800","+S1_3_2B","True","","","",""
"","","","","","","","","","","","","","base","refund","","-S2_3_1B","","","","",""
"","","","","","","","","","","","","100","tax","refund","l10n_jp_330800","-S1_3_2B","True","","","",""
"l10n_jp_tax_sale_8","8%","2","General Taxpayer: Reduced Rate","8%","sale","","percent","","8","","","","base","invoice","","+S2_3_1A","","1","False","False","l10n_jp_fiscal_position_tax_reduction,l10n_jp_domestic_fiscal_position","l10n_jp_tax_sale_10"
"","","","","","","","","","","","","100","tax","invoice","l10n_jp_330800","+S1_3_2A","True","","","",""
"","","","","","","","","","","","","","base","refund","","-S2_3_1A","","","","",""
"","","","","","","","","","","","","100","tax","refund","l10n_jp_330800","-S1_3_2A","True","","","",""
"l10n_jp_tax_sale_0","0%","3","General Taxpayer: Tax-free (Zero-rate)","0%","sale","","percent","","0","","","","base","invoice","","+S2_3_2C","","1","False","False","l10n_jp_domestic_fiscal_position",""
"","","","","","","","","","","","","100","tax","invoice","l10n_jp_330800","","True","","","",""
"","","","","","","","","","","","","","base","refund","","-S2_3_2C","","","","",""
"","","","","","","","","","","","","100","tax","refund","l10n_jp_330800","","True","","","",""
"l10n_jp_tax_sale_0_ex","0% EX","4","General Taxpayer: Tax-free (Zero-rate)","0% Export","sale","","percent","","0","","","","base","invoice","","+S2_3_3C","","1","False","False","l10n_jp_domestic_fiscal_position",""
"","","","","","","","","","","","","100","tax","invoice","l10n_jp_330800","","True","","","",""
"","","","","","","","","","","","","","base","refund","","-S2_3_3C","","","","",""
"","","","","","","","","","","","","100","tax","refund","l10n_jp_330800","","True","","","",""
"l10n_jp_tax_sale_0_exempt","0% EXEMPT","5","General Taxpayer: Tax-exempt","Tax-exempt","sale","","percent","","0","","","","base","invoice","","+S2_3_6C||+F3_1_15S","","1","False","False","l10n_jp_fiscal_position_tax_exempt","l10n_jp_tax_sale_10,l10n_jp_tax_sale_8"
"","","","","","","","","","","","","100","tax","invoice","l10n_jp_330800","","True","","","",""
"","","","","","","","","","","","","","base","refund","","-S2_3_6C||-F3_1_15S","","","","",""
"","","","","","","","","","","","","100","tax","refund","l10n_jp_330800","","True","","","",""
"l10n_jp_tax_purchase_10","10%","6","General Taxpayer & Simplified Taxpayer: Standard Rate","10%","purchase","","percent","","10","","","","base","invoice","","+S2_3_9B","","1","False","False","l10n_jp_domestic_fiscal_position",""
"","","","","","","","","","","","","100","tax","invoice","l10n_jp_123200","+S2_3_10B","True","","","",""
"","","","","","","","","","","","","","base","refund","","-S2_3_9B","","","","",""
"","","","","","","","","","","","","100","tax","refund","l10n_jp_123200","-S2_3_10B","True","","","",""
"l10n_jp_tax_purchase_8","8%","7","General Taxpayer & Simplified Taxpayer: Reduced Rate","8%","purchase","","percent","","8","","","","base","invoice","","+S2_3_9A","","1","False","False","l10n_jp_fiscal_position_tax_reduction,l10n_jp_domestic_fiscal_position","l10n_jp_tax_purchase_10"
"","","","","","","","","","","","","100","tax","invoice","l10n_jp_123200","+S2_3_10A","True","","","",""
"","","","","","","","","","","","","","base","refund","","-S2_3_9A","","","","",""
"","","","","","","","","","","","","100","tax","refund","l10n_jp_123200","-S2_3_10A","True","","","",""
"l10n_jp_tax_purchase_10_nqi","10% NQI","8","General Taxpayer & Simplified Taxpayer: Standard Rate - Non-qualified Invoice","10% Non-qualified Invoice","purchase","","percent","","10","","","","base","invoice","","+S2_3_11B","","1","False","False","l10n_jp_domestic_fiscal_position",""
"","","","","","","","","","","","","100","tax","invoice","l10n_jp_123200","+S2_3_12B","True","","","",""
"","","","","","","","","","","","","","base","refund","","-S2_3_11B","","","","",""
"","","","","","","","","","","","","100","tax","refund","l10n_jp_123200","-S2_3_12B","True","","","",""
"l10n_jp_tax_purchase_8_nqi","8% NQI","9","General Taxpayer & Simplified Taxpayer: Reduced Rate - Non-qualified Invoice","8% Non-qualified Invoice","purchase","","percent","","8","","","","base","invoice","","+S2_3_11A","","1","False","False","l10n_jp_fiscal_position_tax_reduction,l10n_jp_domestic_fiscal_position","l10n_jp_tax_purchase_10_nqi"
"","","","","","","","","","","","","100","tax","invoice","l10n_jp_123200","+S2_3_12A","True","","","",""
"","","","","","","","","","","","","","base","refund","","-S2_3_11A","","","","",""
"","","","","","","","","","","","","100","tax","refund","l10n_jp_123200","-S2_3_12A","True","","","",""
"l10n_jp_tax_purchase_10_st","10% ST","10","General Taxpayer & Simplified Taxpayer: Specific Tax Purchases","10% Specific Tax Purchases","purchase","","percent","","10","","","","base","invoice","","+S2_3_13B","","1","False","False","l10n_jp_domestic_fiscal_position",""
"","","","","","","","","","","","","100","tax","invoice","","","True","","","",""
"","","","","","","","","","","","","-100","tax","invoice","l10n_jp_330800","-S2_3_14B","True","","","",""
"","","","","","","","","","","","","","base","refund","","-S2_3_13B","","","","",""
"","","","","","","","","","","","","100","tax","refund","","","True","","","",""
"","","","","","","","","","","","","-100","tax","refund","l10n_jp_330800","+S2_3_14B","True","","","",""
"l10n_jp_tax_purchase_10_ex","10% EX","11","General Taxpayer & Simplified Taxpayer: Standard Rate - Import","10% Import","purchase","","percent","","10","","","","base","invoice","","+Ded_S2_3_15B","","1","False","False","l10n_jp_domestic_fiscal_position",""
"","","","","","","","","","","","","100","tax","invoice","l10n_jp_123200","+S2_3_15B","True","","","",""
"","","","","","","","","","","","","","base","refund","","-Ded_S2_3_15B","","","","",""
"","","","","","","","","","","","","100","tax","refund","l10n_jp_123200","-S2_3_15B","True","","","",""
"l10n_jp_tax_purchase_8_ex","8% EX","12","General Taxpayer & Simplified Taxpayer: Reduced Rate - Import","8% Import","purchase","","percent","","8","","","","base","invoice","","+Ded_S2_3_15A","","1","False","False","l10n_jp_fiscal_position_tax_reduction,l10n_jp_domestic_fiscal_position","l10n_jp_tax_purchase_10_ex"
"","","","","","","","","","","","","100","tax","invoice","l10n_jp_123200","+S2_3_15A","True","","","",""
"","","","","","","","","","","","","","base","refund","","-Ded_S2_3_15A","","","","",""
"","","","","","","","","","","","","100","tax","refund","l10n_jp_123200","-S2_3_15A","True","","","",""
"l10n_jp_tax_purchase_0","0%","13","General Taxpayer & Simplified Taxpayer: Tax-free (Zero-rate)","0%","purchase","","percent","","0","","","","base","invoice","","","","1","False","False","l10n_jp_domestic_fiscal_position",""
"","","","","","","","","","","","","100","tax","invoice","l10n_jp_123200","","True","","","",""
"","","","","","","","","","","","","","base","refund","","","","","","",""
"","","","","","","","","","","","","100","tax","refund","l10n_jp_123200","","True","","","",""
"l10n_jp_tax_purchase_0_exempt","0% EXEMPT","14","General Taxpayer & Simplified Taxpayer: Tax-exempt","Tax-exempt","purchase","","percent","","0","","","","base","invoice","","","","1","False","False","l10n_jp_fiscal_position_tax_exempt","l10n_jp_tax_purchase_10,l10n_jp_tax_purchase_8"
"","","","","","","","","","","","","100","tax","invoice","l10n_jp_123200","","True","","","",""
"","","","","","","","","","","","","","base","refund","","","","","","",""
"","","","","","","","","","","","","100","tax","refund","l10n_jp_123200","","True","","","",""
"l10n_jp_tax_purchase_10_taxable","10% Taxable","15","General Taxpayer: Standard Rate - Itemized Method","10% for Taxable Purpose","purchase","","percent","","10","","","","base","invoice","","+S2_3_9B","","0","False","False","l10n_jp_domestic_fiscal_position",""
"","","","","","","","","","","","","100","tax","invoice","l10n_jp_123200","+S2_3_10B||+S2_3_19B||+S2_3_20B","True","","","",""
"","","","","","","","","","","","","","base","refund","","-S2_3_9B","","","","",""
"","","","","","","","","","","","","100","tax","refund","l10n_jp_123200","-S2_3_10B||-S2_3_19B||-S2_3_20B","True","","","",""
"l10n_jp_tax_purchase_8_taxable","8% Taxable","16","General Taxpayer: Reduced Rate - Itemized Method","8% for Taxable Purpose","purchase","","percent","","8","","","","base","invoice","","+S2_3_9A","","0","False","False","l10n_jp_fiscal_position_tax_reduction,l10n_jp_domestic_fiscal_position","l10n_jp_tax_purchase_10_taxable"
"","","","","","","","","","","","","100","tax","invoice","l10n_jp_123200","+S2_3_10A||+S2_3_19A||+S2_3_20A","True","","","",""
"","","","","","","","","","","","","","base","refund","","-S2_3_9A","","","","",""
"","","","","","","","","","","","","100","tax","refund","l10n_jp_123200","-S2_3_10A||-S2_3_19A||-S2_3_20A","True","","","",""
"l10n_jp_tax_purchase_10_n_taxable","10% N-Taxable","17","General Taxpayer: Standard Rate - Itemized Method","10% for Non-taxable Purpose","purchase","","percent","","10","","","","base","invoice","","+S2_3_9B","","0","False","False","l10n_jp_domestic_fiscal_position",""
"","","","","","","","","","","","","100","tax","invoice","l10n_jp_123200","+S2_3_10B||+S2_3_20B","True","","","",""
"","","","","","","","","","","","","","base","refund","","-S2_3_9B","","","","",""
"","","","","","","","","","","","","100","tax","refund","l10n_jp_123200","-S2_3_10B||-S2_3_20B","True","","","",""
"l10n_jp_tax_purchase_8_n_taxable","8% N-Taxable","18","General Taxpayer: Reduced Rate - Itemized Method","8% for Non-taxable Purpose","purchase","","percent","","8","","","","base","invoice","","+S2_3_9A","","0","False","False","l10n_jp_fiscal_position_tax_reduction,l10n_jp_domestic_fiscal_position","l10n_jp_tax_purchase_10_n_taxable"
"","","","","","","","","","","","","100","tax","invoice","l10n_jp_123200","+S2_3_10A||+S2_3_20A","True","","","",""
"","","","","","","","","","","","","","base","refund","","-S2_3_9A","","","","",""
"","","","","","","","","","","","","100","tax","refund","l10n_jp_123200","-S2_3_10A||-S2_3_20A","True","","","",""
"l10n_jp_tax_sale_10_type_1","10% Type 1","19","Simplified Taxpayer: Standard Rate","10% Business Type 1","sale","","percent","","10","","","","base","invoice","","+S4_3_1_1B||+S5_3_7B","","0","False","False","l10n_jp_domestic_fiscal_position",""
"","","","","","","","","","","","","100","tax","invoice","l10n_jp_330800","+S5_3_B1","True","","","",""
"","","","","","","","","","","","","","base","refund","","-S4_3_1_1B||-S5_3_7B","","","","",""
"","","","","","","","","","","","","100","tax","refund","l10n_jp_330800","-S5_3_B1","True","","","",""
"l10n_jp_tax_sale_8_type_1","8% Type 1","20","Simplified Taxpayer: Reduced Rate","8% Business Type 1","sale","","percent","","8","","","","base","invoice","","+S4_3_1_1A||+S5_3_7A","","0","False","False","l10n_jp_fiscal_position_tax_reduction,l10n_jp_domestic_fiscal_position","l10n_jp_tax_sale_10_type_1"
"","","","","","","","","","","","","100","tax","invoice","l10n_jp_330800","+S5_3_A1","True","","","",""
"","","","","","","","","","","","","","base","refund","","-S4_3_1_1A||-S5_3_7A","","","","",""
"","","","","","","","","","","","","100","tax","refund","l10n_jp_330800","-S5_3_A1","True","","","",""
"l10n_jp_tax_sale_10_type_2","10% Type 2","21","Simplified Taxpayer: Standard Rate","10% Business Type 2","sale","","percent","","10","","","","base","invoice","","+S4_3_1_1B||+S5_3_8B","","0","False","False","l10n_jp_domestic_fiscal_position",""
"","","","","","","","","","","","","100","tax","invoice","l10n_jp_330800","+S5_3_B2","True","","","",""
"","","","","","","","","","","","","","base","refund","","-S4_3_1_1B||-S5_3_8B","","","","",""
"","","","","","","","","","","","","100","tax","refund","l10n_jp_330800","-S5_3_B2","True","","","",""
"l10n_jp_tax_sale_8_type_2","8% Type 2","22","Simplified Taxpayer: Reduced Rate","8% Business Type 2","sale","","percent","","8","","","","base","invoice","","+S4_3_1_1A||+S5_3_8A","","0","False","False","l10n_jp_fiscal_position_tax_reduction,l10n_jp_domestic_fiscal_position","l10n_jp_tax_sale_10_type_2"
"","","","","","","","","","","","","100","tax","invoice","l10n_jp_330800","+S5_3_A2","True","","","",""
"","","","","","","","","","","","","","base","refund","","-S4_3_1_1A||-S5_3_8A","","","","",""
"","","","","","","","","","","","","100","tax","refund","l10n_jp_330800","-S5_3_A2","True","","","",""
"l10n_jp_tax_sale_10_type_3","10% Type 3","23","Simplified Taxpayer: Standard Rate","10% Business Type 3","sale","","percent","","10","","","","base","invoice","","+S4_3_1_1B||+S5_3_9B","","0","False","False","l10n_jp_domestic_fiscal_position",""
"","","","","","","","","","","","","100","tax","invoice","l10n_jp_330800","+S5_3_B3","True","","","",""
"","","","","","","","","","","","","","base","refund","","-S4_3_1_1B||-S5_3_9B","","","","",""
"","","","","","","","","","","","","100","tax","refund","l10n_jp_330800","-S5_3_B3","True","","","",""
"l10n_jp_tax_sale_8_type_3","8% Type 3","24","Simplified Taxpayer: Reduced Rate","8% Business Type 3","sale","","percent","","8","","","","base","invoice","","+S4_3_1_1A||+S5_3_9A","","0","False","False","l10n_jp_fiscal_position_tax_reduction,l10n_jp_domestic_fiscal_position","l10n_jp_tax_sale_10_type_3"
"","","","","","","","","","","","","100","tax","invoice","l10n_jp_330800","+S5_3_A3","True","","","",""
"","","","","","","","","","","","","","base","refund","","-S4_3_1_1A||-S5_3_9A","","","","",""
"","","","","","","","","","","","","100","tax","refund","l10n_jp_330800","-S5_3_A3","True","","","",""
"l10n_jp_tax_sale_10_type_4","10% Type 4","25","Simplified Taxpayer: Standard Rate","10% Business Type 4","sale","","percent","","10","","","","base","invoice","","+S4_3_1_1B||+S5_3_10B","","0","False","False","l10n_jp_domestic_fiscal_position",""
"","","","","","","","","","","","","100","tax","invoice","l10n_jp_330800","+S5_3_B4","True","","","",""
"","","","","","","","","","","","","","base","refund","","-S4_3_1_1B||-S5_3_10B","","","","",""
"","","","","","","","","","","","","100","tax","refund","l10n_jp_330800","-S5_3_B4","True","","","",""
"l10n_jp_tax_sale_8_type_4","8% Type 4","26","Simplified Taxpayer: Reduced Rate","8% Business Type 4","sale","","percent","","8","","","","base","invoice","","+S4_3_1_1A||+S5_3_10A","","0","False","False","l10n_jp_fiscal_position_tax_reduction,l10n_jp_domestic_fiscal_position","l10n_jp_tax_sale_10_type_4"
"","","","","","","","","","","","","100","tax","invoice","l10n_jp_330800","+S5_3_A4","True","","","",""
"","","","","","","","","","","","","","base","refund","","-S4_3_1_1A||-S5_3_10A","","","","",""
"","","","","","","","","","","","","100","tax","refund","l10n_jp_330800","-S5_3_A4","True","","","",""
"l10n_jp_tax_sale_10_type_5","10% Type 5","27","Simplified Taxpayer: Standard Rate","10% Business Type 5","sale","","percent","","10","","","","base","invoice","","+S4_3_1_1B||+S5_3_11B","","0","False","False","l10n_jp_domestic_fiscal_position",""
"","","","","","","","","","","","","100","tax","invoice","l10n_jp_330800","+S5_3_B5","True","","","",""
"","","","","","","","","","","","","","base","refund","","-S4_3_1_1B||-S5_3_11B","","","","",""
"","","","","","","","","","","","","100","tax","refund","l10n_jp_330800","-S5_3_B5","True","","","",""
"l10n_jp_tax_sale_8_type_5","8% Type 5","28","Simplified Taxpayer: Reduced Rate","8% Business Type 5","sale","","percent","","8","","","","base","invoice","","+S4_3_1_1A||+S5_3_11A","","0","False","False","l10n_jp_fiscal_position_tax_reduction,l10n_jp_domestic_fiscal_position","l10n_jp_tax_sale_10_type_5"
"","","","","","","","","","","","","100","tax","invoice","l10n_jp_330800","+S5_3_A5","True","","","",""
"","","","","","","","","","","","","","base","refund","","-S4_3_1_1A||-S5_3_11A","","","","",""
"","","","","","","","","","","","","100","tax","refund","l10n_jp_330800","-S5_3_A5","True","","","",""
"l10n_jp_tax_sale_10_type_6","10% Type 6","29","Simplified Taxpayer: Standard Rate","10% Business Type 6","sale","","percent","","10","","","","base","invoice","","+S4_3_1_1B||+S5_3_12B","","0","False","False","l10n_jp_domestic_fiscal_position",""
"","","","","","","","","","","","","100","tax","invoice","l10n_jp_330800","+S5_3_B6","True","","","",""
"","","","","","","","","","","","","","base","refund","","-S4_3_1_1B||-S5_3_12B","","","","",""
"","","","","","","","","","","","","100","tax","refund","l10n_jp_330800","-S5_3_B6","True","","","",""
"l10n_jp_tax_sale_8_type_6","8% Type 6","30","Simplified Taxpayer: Reduced Rate","8% Business Type 6","sale","","percent","","8","","","","base","invoice","","+S4_3_1_1A||+S5_3_12A","","0","False","False","l10n_jp_fiscal_position_tax_reduction,l10n_jp_domestic_fiscal_position","l10n_jp_tax_sale_10_type_6"
"","","","","","","","","","","","","100","tax","invoice","l10n_jp_330800","+S5_3_A6","True","","","",""
"","","","","","","","","","","","","","base","refund","","-S4_3_1_1A||-S5_3_12A","","","","",""
"","","","","","","","","","","","","100","tax","refund","l10n_jp_330800","-S5_3_A6","True","","","",""
"l10n_jp_tax_sale_0","0%","31","Simplified Taxpayer: Tax-free (Zero-rate)","0%","sale","","percent","","0","","","","base","invoice","","+F3_1_15S","","0","False","False","l10n_jp_domestic_fiscal_position",""
"","","","","","","","","","","","","100","tax","invoice","l10n_jp_330800","","True","","","",""
"","","","","","","","","","","","","","base","refund","","-F3_1_15S","","","","",""
"","","","","","","","","","","","","100","tax","refund","l10n_jp_330800","","True","","","",""
"l10n_jp_tax_sale_0_exempt","0% EXEMPT","32","Simplified Taxpayer: Tax-exempt","Tax-exempt","sale","","percent","","0","","","","base","invoice","","","","0","False","False","l10n_jp_fiscal_position_tax_exempt","l10n_jp_tax_sale_10,l10n_jp_tax_sale_8"
"","","","","","","","","","","","","100","tax","invoice","l10n_jp_330800","","True","","","",""
"","","","","","","","","","","","","","base","refund","","","","","","",""
"","","","","","","","","","","","","100","tax","refund","l10n_jp_330800","","True","","","",""
