"id","code","name","account_type","reconcile","non_trade"
"l10n_ph_account_100000","100000","Bank Suspense Account","asset_current","True","False"
"l10n_ph_account_100001","100001","Bank","asset_cash","True","False"
"l10n_ph_account_100201","100201","Liquidity Transfer","asset_current","True","False"
"l10n_ph_account_110000","110000","Accounts Receivable","asset_receivable","True","False"
"l10n_ph_account_110003","110003","Accounts Receivable (POS)","asset_receivable","True","False"
"l10n_ph_account_110100","110100","Advances to Suppliers","asset_prepayments","True","False"
"l10n_ph_account_110101","110101","Deposits","asset_prepayments","True","False"
"l10n_ph_account_110102","110102","Employees Receivable-Cash Advance","asset_current","True","False"
"l10n_ph_account_110103","110103","Employees Receivable-Loan","asset_current","True","False"
"l10n_ph_account_110104","110104","ER - Others","asset_current","True","False"
"l10n_ph_account_110105","110105","Prepaid Insurance","asset_prepayments","True","False"
"l10n_ph_account_110106","110106","Prepaid Pension - contribution","asset_prepayments","True","False"
"l10n_ph_account_110200","110200","Prepaid Tax - Tax Credit Certificate","asset_current","True","False"
"l10n_ph_account_110201","110201","Input VAT 12%","asset_current","True","False"
"l10n_ph_account_110202","110202","Deferred Input VAT 12%","asset_current","True","False"
"l10n_ph_account_110203","110203","Deferred Tax Asset","asset_current","True","False"
"l10n_ph_account_110205","110205","Creditable Income Tax","asset_current","True","False"
"l10n_ph_account_110206","110206","Tax Withheld by Customer","asset_current","True","False"
"l10n_ph_account_110207","110207","Expanded Withholding Tax","asset_current","True","False"
"l10n_ph_account_110208","110208","Final Withholding Tax","asset_current","True","False"
"l10n_ph_account_110209","110209","Withholding Tax on Compensation","asset_current","True","False"
"l10n_ph_account_110210","110210","Expanded Withholding Tax Creditable","asset_receivable","True","True"
"l10n_ph_account_110211","110211","Withholding Tax on Compensation Creditable","asset_receivable","True","True"
"l10n_ph_account_110212","110212","VAT Receivable","asset_receivable","True","True"
"l10n_ph_account_110300","110300","Inventory","asset_current","True","False"
"l10n_ph_account_110301","110301","Purchases","asset_current","True","False"
"l10n_ph_account_110302","110302","Stock Interim (Received)","asset_current","True","False"
"l10n_ph_account_110303","110303","Stock Interim (Delivered)","asset_current","True","False"
"l10n_ph_account_110304","110304","Stock Interim (Production)","asset_current","True","False"
"l10n_ph_account_110400","110400","Other Non-current Asset","asset_non_current","True","False"
"l10n_ph_account_110500","110500","Building and Leasehold Improvements","asset_fixed","True","False"
"l10n_ph_account_110501","110501","Furniture, Fixtures and Equipment","asset_fixed","True","False"
"l10n_ph_account_110502","110502","Vehicles","asset_fixed","True","False"
"l10n_ph_account_110503","110503","Computers","asset_fixed","True","False"
"l10n_ph_account_110504","110504","Accum Depreciation-Bldg & Leasehold Imp","asset_fixed","True","False"
"l10n_ph_account_110505","110505","Accum Depreciation-Furniture, Fixtures and Equipment","asset_fixed","True","False"
"l10n_ph_account_110506","110506","Accum Depreciation-Vehicles","asset_fixed","True","False"
"l10n_ph_account_110507","110507","Accum Depreciation-Computers","asset_fixed","True","False"
"l10n_ph_account_200000","200000","Accounts Payable","liability_payable","True","False"
"l10n_ph_account_200200","200200","Dividends Payable - Common Shares","liability_current","True","False"
"l10n_ph_account_200201","200201","Unearned Revenue","liability_current","True","False"
"l10n_ph_account_200202","200202","Customer Deposits Received","liability_current","True","False"
"l10n_ph_account_200300","200300","Output VAT 12%","liability_current","True","False"
"l10n_ph_account_200301","200301","Deferred Output VAT 12%","liability_current","True","False"
"l10n_ph_account_200302","200302","Tax Withheld","liability_current","True","False"
"l10n_ph_account_200303","200303","Expanded Withholding Tax","liability_current","True","False"
"l10n_ph_account_200304","200304","Final Withholding Tax","liability_current","True","False"
"l10n_ph_account_200305","200305","Withholding Tax on Compensation","liability_current","True","False"
"l10n_ph_account_200306","200306","Expanded Withholding Tax Payable","liability_payable","True","True"
"l10n_ph_account_200307","200307","Final Withholding Tax Payable","liability_payable","True","True"
"l10n_ph_account_200308","200308","Withholding Tax on Compensation Payable","liability_payable","True","True"
"l10n_ph_account_200309","200309","Income Tax Payable","liability_current","True","False"
"l10n_ph_account_200310","200310","Accrued Fringe Benefit Tax","liability_current","True","False"
"l10n_ph_account_200311","200311","VAT Payable","liability_payable","True","True"
"l10n_ph_account_200400","200400","Other Non-current Liability","liability_non_current","True","False"
"l10n_ph_account_300000","300000","Capital Stock","equity","True","False"
"l10n_ph_account_300001","300001","Additional Paid in Capital","equity","True","False"
"l10n_ph_account_300002","300002","Retained Earnings","equity","True","False"
"l10n_ph_account_430400","430400","Sales/Revenues","income","True","False"
"l10n_ph_account_510000","510000","Cost of Goods Sold","expense_direct_cost","True","False"
"l10n_ph_account_511100","511100","COGS - Purchases","expense_direct_cost","True","False"
"l10n_ph_account_511600","511600","COGS - Freight Costs","expense_direct_cost","True","False"
"l10n_ph_account_511700","511700","COGS - Direct Labor","expense_direct_cost","True","False"
"l10n_ph_account_511800","511800","COGS - Factory/Processing Overhead","expense_direct_cost","True","False"
"l10n_ph_account_620000","620000","Admin Expense","expense","True","False"
"l10n_ph_account_620001","620001","Marketing Expense","expense","True","False"
"l10n_ph_account_620100","620100","Lease-Corporate Offices","expense","True","False"
"l10n_ph_account_621000","621000","Insurance Expenses","expense","True","False"
"l10n_ph_account_622000","622000","Repairs & Maintenance","expense","True","False"
"l10n_ph_account_623000","623000","Salaries & Wages","expense","True","False"
"l10n_ph_account_623001","623001","Overtime Pay","expense","True","False"
"l10n_ph_account_623002","623002","SSS Contribution","expense","True","False"
"l10n_ph_account_623003","623003","HDMF Contribution","expense","True","False"
"l10n_ph_account_623004","623004","PHIC Contribution","expense","True","False"
"l10n_ph_account_623005","623005","Meal Allowance","expense","True","False"
"l10n_ph_account_623006","623006","Other Allowance","expense","True","False"
"l10n_ph_account_623007","623007","13th Month Pay","expense","True","False"
"l10n_ph_account_623008","623008","Retirement Expenses","expense","True","False"
"l10n_ph_account_623009","623009","Training and Webinar","expense","True","False"
"l10n_ph_account_623014","623014","Sick Leave Expenses","expense","True","False"
"l10n_ph_account_623015","623015","Vacation Leave Expenses","expense","True","False"
"l10n_ph_account_624000","624000","Taxes and Licenses","expense","True","False"
"l10n_ph_account_625000","625000","Utilities Expenses","expense","True","False"
"l10n_ph_account_626000","626000","Security Services","expense","True","False"
"l10n_ph_account_626001","626001","Professional Fees","expense","True","False"
"l10n_ph_account_627000","627000","Travel and Transportation","expense","True","False"
"l10n_ph_account_628000","628000","Advertising and Promotion","expense","True","False"
"l10n_ph_account_629000","629000","Depreciation Expense","expense_depreciation","True","False"
"l10n_ph_account_632000","632000","Commission Expense","expense","True","False"
"l10n_ph_account_633000","633000","Supplies Expenses","expense","True","False"
"l10n_ph_account_634000","634000","Miscellaneous Expenses","expense","True","False"
"l10n_ph_account_634001","634001","Bank Fees","expense","True","False"
"l10n_ph_account_635000","635000","Provision for DA-Billed Accts","expense","True","False"
"l10n_ph_account_635001","635001","Provision for Probable Expenses","expense","True","False"
"l10n_ph_account_635002","635002","Provision for Creditable Withholding Tax","expense","True","False"
"l10n_ph_account_635003","635003","Provision for Final Withholding Tax","expense","True","False"
"l10n_ph_account_635004","635004","Final Withholding Tax Paid","expense","True","False"
"l10n_ph_account_710100","710100","Forex Gain","income_other","True","False"
"l10n_ph_account_710101","710101","Forex Loss","expense","True","False"
"l10n_ph_account_710102","710102","Cash Difference Gain","income_other","True","False"
"l10n_ph_account_710103","710103","Cash Difference Loss","expense","True","False"
"l10n_ph_account_710200","710200","Gain/Loss- Sale FA","expense","True","False"
"l10n_ph_account_710201","710201","Loss on FA Disposal","expense","True","False"
"l10n_ph_account_710300","710300","Interest Inc-Savings","income_other","True","False"
"l10n_ph_account_710301","710301","Interest Income-Savings Local","income_other","True","False"
"l10n_ph_account_710400","710400","Other Income","income_other","True","False"
"l10n_ph_account_710500","710500","Interest Expense-Suppliers' Credit Local","income_other","True","False"
