id,name,model_id:id,group_id:id,perm_read,perm_write,perm_create,perm_unlink
l10n_es_edi_verifactu.access_l10n_es_edi_verifactu_document_readonly,access_l10n_es_edi_verifactu_document_readonly,l10n_es_edi_verifactu.model_l10n_es_edi_verifactu_document,account.group_account_invoice,1,0,0,0
<<<<<<< HEAD
<<<<<<< HEAD
l10n_es_edi_verifactu.access_l10n_es_edi_verifactu_document_group_invoice,access_l10n_es_edi_verifactu_document_group_invoice,l10n_es_edi_verifactu.model_l10n_es_edi_verifactu_document,base.group_system,1,1,1,1
=======
>>>>>>> b9e2768527ab88739b0032dafc28c377ab56b006
=======
>>>>>>> cdd38b7973e8950b4cebf96aa4d0ca15122f1e0c
l10n_es_edi_verifactu.access_l10n_es_edi_verifactu_certificate,access_l10n_es_edi_verifactu_certificate,l10n_es_edi_verifactu.model_l10n_es_edi_verifactu_certificate,base.group_system,1,1,1,1
